target,block,seed
rv_future_7,price_only,111
rv_future_7,price_only,222
rv_future_7,price_only,333
rv_future_7,price_only,444
rv_future_7,price_only,555
rv_future_7,price_only,666
rv_future_7,price_onchain,111
rv_future_7,price_onchain,222
rv_future_7,price_onchain,333
rv_future_7,price_onchain,444
rv_future_7,price_onchain,555
rv_future_7,price_onchain,666
rv_future_7,full,111
rv_future_7,full,222
rv_future_7,full,333
rv_future_7,full,444
rv_future_7,full,555
rv_future_7,full,666
gk_future_7,price_only,111
gk_future_7,price_only,222
gk_future_7,price_only,333
gk_future_7,price_only,444
gk_future_7,price_only,555
gk_future_7,price_only,666
gk_future_7,price_onchain,111
gk_future_7,price_onchain,222
gk_future_7,price_onchain,333
gk_future_7,price_onchain,444
gk_future_7,price_onchain,555
gk_future_7,price_onchain,666
gk_future_7,full,111
gk_future_7,full,222
gk_future_7,full,333
gk_future_7,full,444
gk_future_7,full,555
gk_future_7,full,666
rs_future_7,price_only,111
rs_future_7,price_only,222
rs_future_7,price_only,333
rs_future_7,price_only,444
rs_future_7,price_only,555
rs_future_7,price_only,666
rs_future_7,price_onchain,111
rs_future_7,price_onchain,222
rs_future_7,price_onchain,333
rs_future_7,price_onchain,444
rs_future_7,price_onchain,555
rs_future_7,price_onchain,666
rs_future_7,full,111
rs_future_7,full,222
rs_future_7,full,333
rs_future_7,full,444
rs_future_7,full,555
rs_future_7,full,666
