target,block,model,seed
rv_future_7,price_only,lstm,111
rv_future_7,price_only,lstm,222
rv_future_7,price_only,lstm,333
rv_future_7,price_only,lstm,444
rv_future_7,price_only,lstm,555
rv_future_7,price_only,lstm,666
rv_future_7,price_only,gru,111
rv_future_7,price_only,gru,222
rv_future_7,price_only,gru,333
rv_future_7,price_only,gru,444
rv_future_7,price_only,gru,555
rv_future_7,price_only,gru,666
rv_future_7,price_onchain,lstm,111
rv_future_7,price_onchain,lstm,222
rv_future_7,price_onchain,lstm,333
rv_future_7,price_onchain,lstm,444
rv_future_7,price_onchain,lstm,555
rv_future_7,price_onchain,lstm,666
rv_future_7,price_onchain,gru,111
rv_future_7,price_onchain,gru,222
rv_future_7,price_onchain,gru,333
rv_future_7,price_onchain,gru,444
rv_future_7,price_onchain,gru,555
rv_future_7,price_onchain,gru,666
rv_future_7,full,lstm,111
rv_future_7,full,lstm,222
rv_future_7,full,lstm,333
rv_future_7,full,lstm,444
rv_future_7,full,lstm,555
rv_future_7,full,lstm,666
rv_future_7,full,gru,111
rv_future_7,full,gru,222
rv_future_7,full,gru,333
rv_future_7,full,gru,444
rv_future_7,full,gru,555
rv_future_7,full,gru,666
gk_future_7,price_only,lstm,111
gk_future_7,price_only,lstm,222
gk_future_7,price_only,lstm,333
gk_future_7,price_only,lstm,444
gk_future_7,price_only,lstm,555
gk_future_7,price_only,lstm,666
gk_future_7,price_only,gru,111
gk_future_7,price_only,gru,222
gk_future_7,price_only,gru,333
gk_future_7,price_only,gru,444
gk_future_7,price_only,gru,555
gk_future_7,price_only,gru,666
gk_future_7,price_onchain,lstm,111
gk_future_7,price_onchain,lstm,222
gk_future_7,price_onchain,lstm,333
gk_future_7,price_onchain,lstm,444
gk_future_7,price_onchain,lstm,555
gk_future_7,price_onchain,lstm,666
gk_future_7,price_onchain,gru,111
gk_future_7,price_onchain,gru,222
gk_future_7,price_onchain,gru,333
gk_future_7,price_onchain,gru,444
gk_future_7,price_onchain,gru,555
gk_future_7,price_onchain,gru,666
gk_future_7,full,lstm,111
gk_future_7,full,lstm,222
gk_future_7,full,lstm,333
gk_future_7,full,lstm,444
gk_future_7,full,lstm,555
gk_future_7,full,lstm,666
gk_future_7,full,gru,111
gk_future_7,full,gru,222
gk_future_7,full,gru,333
gk_future_7,full,gru,444
gk_future_7,full,gru,555
gk_future_7,full,gru,666
rs_future_7,price_only,lstm,111
rs_future_7,price_only,lstm,222
rs_future_7,price_only,lstm,333
rs_future_7,price_only,lstm,444
rs_future_7,price_only,lstm,555
rs_future_7,price_only,lstm,666
rs_future_7,price_only,gru,111
rs_future_7,price_only,gru,222
rs_future_7,price_only,gru,333
rs_future_7,price_only,gru,444
rs_future_7,price_only,gru,555
rs_future_7,price_only,gru,666
rs_future_7,price_onchain,lstm,111
rs_future_7,price_onchain,lstm,222
rs_future_7,price_onchain,lstm,333
rs_future_7,price_onchain,lstm,444
rs_future_7,price_onchain,lstm,555
rs_future_7,price_onchain,lstm,666
rs_future_7,price_onchain,gru,111
rs_future_7,price_onchain,gru,222
rs_future_7,price_onchain,gru,333
rs_future_7,price_onchain,gru,444
rs_future_7,price_onchain,gru,555
rs_future_7,price_onchain,gru,666
rs_future_7,full,lstm,111
rs_future_7,full,lstm,222
rs_future_7,full,lstm,333
rs_future_7,full,lstm,444
rs_future_7,full,lstm,555
rs_future_7,full,lstm,666
rs_future_7,full,gru,111
rs_future_7,full,gru,222
rs_future_7,full,gru,333
rs_future_7,full,gru,444
rs_future_7,full,gru,555
rs_future_7,full,gru,666
