date,open,close,high,low,volume,avg-block-size,n-transactions-per-block,n-payments-per-block,transactions-per-second,blocks-size,hash-rate,difficulty,usa-inflation-monthly,eu-inflation,tweets-volume,wikipedia-reads,fear-and-greed
2019-01-06,3836.51904296875,4076.632568359375,4093.29736328125,3826.51318359375,5597027440.0,0.826675390070922,1833.48936170213,2753.3829787234044,2.8126736111111086,198789.54096,39381569.9566825,5618595848853.0,1.9,1.5,158604,10195,31
2019-01-07,4078.5849609375,4025.248291015625,4092.613525390625,4020.89404296875,5228625637.0,0.984752744680851,2019.7304964539,3049.851063829787,3.140798611111112,198906.032513,39381569.9566825,5618595848853.0,1.9,1.5,158604,11036,39
2019-01-08,4028.47216796875,4030.847900390625,4109.02099609375,3996.955322265625,5306593305.0,0.86793,1884.7573964497,2763.6923076923076,3.4206597222222257,199044.911497,47202023.5651017,5618595848853.0,1.9,1.5,158604,10505,39
2019-01-09,4031.552001953125,4035.29638671875,4068.403564453125,4022.662841796875,5115905225.0,0.88413781097561,1945.46341463415,2880.682926829268,3.5524305555555586,199191.540797,45805513.9921697,5618595848853.0,1.9,1.5,158604,10967,42
2019-01-10,4034.411376953125,3678.924560546875,4064.066650390625,3659.174560546875,6874143796.0,0.970871820512821,2098.32051282051,3204.224358974359,3.67534722222222,199335.417225,43571098.6754785,5618595848853.0,1.9,1.5,158604,10846,37
2019-01-11,3674.015380859375,3687.365478515625,3713.8818359375,3653.06982421875,5538712865.0,0.983164702702703,2083.59459459459,3300.324324324324,3.5170138888888904,199487.728519,41336683.3587873,5618595848853.0,1.9,1.5,158604,10687,19
2019-01-12,3686.97314453125,3661.301025390625,3698.978271484375,3653.810791015625,4778170883.0,0.89671465942029,2039.86956521739,2978.927536231884,3.201562500000001,199632.832627,38543664.2129233,5618595848853.0,1.9,1.5,158604,9350,22
2019-01-13,3658.8681640625,3552.953125,3674.760009765625,3544.92724609375,4681302466.0,0.853370890510949,2021.87591240876,2942.4306569343066,3.0046874999999997,199757.458177,38264362.2983369,5618595848853.0,1.9,1.5,168541,9853,21
2019-01-14,3557.31103515625,3706.05224609375,3727.836181640625,3552.28515625,5651384490.0,0.956647966442953,2192.51677852349,3212.1006711409395,3.404687499999999,199874.123237,43423390.2168908,5862614531725.31,1.9,1.5,168541,9565,16
2019-01-15,3704.21630859375,3630.67529296875,3720.1533203125,3619.94921875,5537192302.0,1.06503484848485,2289.99242424242,3460.1742424242425,3.6760416666666678,200016.721256,38609293.9848521,5883988430955.0,1.9,1.5,168541,8308,27
2019-01-16,3631.509765625,3655.0068359375,3685.777099609375,3624.67333984375,5394457145.0,1.11209812030075,2298.51127819549,3593.624060150376,3.2798611111111096,200157.509817,38901788.6362525,5883988430955.0,1.9,1.5,168541,8099,24
2019-01-17,3651.87109375,3678.56396484375,3680.135986328125,3621.9609375,5464420383.0,1.09721418110236,2336.1811023622,3540.0078740157483,3.2637152777777794,200305.249148,37146820.7278501,5883988430955.0,1.9,1.5,168541,7906,28
2019-01-18,3677.990478515625,3657.83935546875,3682.52001953125,3637.080810546875,5002961727.0,1.037986,2217.13768115942,3477.4202898550725,3.284895833333334,200444.655211,40364261.8932544,5883988430955.0,1.9,1.5,168541,8506,29
2019-01-19,3652.3779296875,3728.568359375,3758.533447265625,3652.3779296875,5955691380.0,0.959122060150376,2121.71428571429,3138.375939849624,3.2069444444444444,200587.779363,38901788.6362525,5883988430955.0,1.9,1.5,168541,6539,31
2019-01-20,3725.446044921875,3601.013671875,3743.387939453125,3583.01953125,5582489560.0,0.805785057324841,1873.36305732484,2667.388535031847,3.3074652777777804,200714.668227,45921660.2698619,5883988430955.0,1.9,1.5,153091,6521,35
2019-01-21,3600.372802734375,3576.032470703125,3608.8408203125,3558.537109375,5004347059.0,0.943183713333333,2101.34666666667,3102.74,3.325173611111112,200841.557421,43874197.7100592,5883988430955.0,1.9,1.5,153091,7453,30
2019-01-22,3575.081298828125,3604.5771484375,3620.74658203125,3539.721435546875,5313623556.0,1.05525491538461,2277.23076923077,3396.0307692307692,3.411805555555558,200983.41026,38024304.6820513,5883988430955.0,1.9,1.5,153091,7464,27
2019-01-23,3605.55712890625,3585.123046875,3623.06787109375,3565.31396484375,5433755649.0,1.02611137671233,2010.23287671233,3299.780821917808,3.421527777777777,201120.545819,42704219.1044576,5883988430955.0,1.9,1.5,153091,7664,33
2019-01-24,3584.500244140625,3600.865478515625,3616.08740234375,3569.0927734375,5262869046.0,0.911348740740741,1902.13580246914,2861.382716049383,3.191493055555558,201270.412849,47384133.5268639,5883988430955.0,1.9,1.5,153091,8975,37
2019-01-25,3607.390380859375,3599.765869140625,3612.927734375,3575.597412109375,5265847539.0,1.01736005072464,2181.77536231884,3501.753623188406,3.4208333333333365,201417.662554,40364261.8932544,5883988430955.0,1.9,1.5,153091,7981,35
2019-01-26,3599.71533203125,3602.46044921875,3654.93310546875,3593.345947265625,5098183235.0,0.98073546,1921.9,3075.48,3.147222222222222,201558.382568,43874197.7100592,5883988430955.0,1.9,1.5,153091,7659,41
2019-01-27,3604.687255859375,3583.9658203125,3612.67138671875,3567.245849609375,5570752966.0,0.881242817518248,2019.3503649635,2967.6496350364964,3.047048611111112,201705.492615,40071767.241854,5883988430955.0,1.9,1.5,151656,7671,39
2019-01-28,3584.283203125,3470.450439453125,3586.7509765625,3439.23291015625,6908930483.0,1.02264442068965,2124.56551724138,3237.6068965517243,3.346701388888885,201825.737961,42070546.8156134,5836655168808.54,1.9,1.5,151656,8200,35
2019-01-29,3468.8701171875,3448.116943359375,3476.0654296875,3400.81982421875,5897159493.0,1.01022278767123,2233.98630136986,3322.4109589041095,3.551562500000003,201974.535897,42201068.245197,5814661935892.0,1.9,1.5,151656,8277,21
2019-01-30,3443.89697265625,3486.181640625,3495.1748046875,3429.387939453125,5955112627.0,1.07470797058823,2367.5,3487.845588235294,3.6684027777777817,202121.485516,39310584.1188136,5814661935892.0,1.9,1.5,151656,8699,22
2019-01-31,3485.4091796875,3457.792724609375,3504.804931640625,3447.915771484375,5831198271.0,1.01542021290323,2283.51612903226,3339.993548387097,3.684895833333338,202268.515427,44802503.958942,5814661935892.0,1.6,1.4,151656,8288,17
2019-02-01,3460.547119140625,3487.9453125,3501.9541015625,3431.591552734375,5422926707.0,1.02459243670886,2147.72784810127,3260.6202531645567,3.640798611111111,202425.687377,45669649.196857,5814661935892.0,1.6,1.4,151656,8423,23
2019-02-02,3484.6259765625,3521.060791015625,3523.287353515625,3467.57470703125,5071623601.0,0.981337798611111,2236.33333333333,3236.5069444444443,3.5989583333333344,202587.209456,41622971.4199203,5814661935892.0,1.6,1.4,151656,7523,22
2019-02-03,3516.1396484375,3464.013427734375,3521.38818359375,3447.92431640625,5043937584.0,0.935500210144928,2175.15217391304,3085.536231884058,3.181423611111114,202728.86132,39888680.9440903,5814661935892.0,1.6,1.4,151625,7115,19
2019-02-04,3467.211669921875,3459.154052734375,3476.223876953125,3442.5869140625,5332718886.0,1.01239853061225,2280.87074829932,3243.503401360544,3.6960069444444454,202858.033387,42490116.6578353,5814661935892.0,1.6,1.4,151625,8795,27
2019-02-05,3454.950927734375,3466.357421875,3478.148193359375,3451.93701171875,5227549545.0,1.05118828571429,2408.63265306122,3503.7619047619046,3.777256944444448,203006.741207,42490116.6578353,5814661935892.0,1.6,1.4,151625,13112,21
2019-02-06,3469.091796875,3413.767822265625,3469.091796875,3398.5654296875,5482196038.0,1.05037040853659,2131.68292682927,3038.518292682927,3.913715277777779,203161.190166,47403939.672687,5814661935892.0,1.6,1.4,151625,11068,14
2019-02-07,3414.929443359375,3399.4716796875,3427.945556640625,3394.218505859375,5004962683.0,0.94221690229885,2029.0,2853.793103448276,3.9015625000000007,203333.455216,50294423.7990704,5814661935892.0,1.6,1.4,151625,10044,18
2019-02-08,3401.37646484375,3666.7802734375,3695.614013671875,3391.023681640625,7735623101.0,0.984610680981596,2056.93251533742,3165.153374233129,3.751909722222224,203497.285591,47114891.2600487,5814661935892.0,1.6,1.4,151625,8619,37
2019-02-09,3671.5859375,3671.20361328125,3679.94140625,3646.559326171875,6158833645.0,0.934364993333334,2072.61333333333,2937.0866666666666,3.5345486111111124,203657.589093,43357261.8957503,5814661935892.0,1.6,1.4,151625,7622,42
2019-02-10,3673.201416015625,3690.188232421875,3695.0361328125,3640.97998046875,6282256903.0,0.899240978571428,2140.06428571429,3005.542857142857,3.1553819444444446,203797.985991,41018987.2961362,5894008795042.54,1.6,1.4,163543,7550,40
2019-02-11,3695.613037109375,3648.4306640625,3695.613037109375,3642.287841796875,6277056434.0,1.09110111034483,2177.41379310345,3193.8137931034485,3.6468749999999974,203923.922589,43691361.6410373,6061518831027.0,1.6,1.4,163543,8698,46
2019-02-12,3642.751953125,3653.528564453125,3668.5869140625,3618.556884765625,6480384532.0,1.3049640625,2121.6640625,3462.6875,3.2263888888888914,204082.809151,38568926.138295,6061518831027.0,1.6,1.4,163543,8768,38
2019-02-13,3653.60400390625,3632.070556640625,3669.74658203125,3617.246337890625,6438903823.0,1.15328562091503,2304.90849673203,3419.267973856209,3.2383680555555596,204249.247053,46101919.5246807,6061518831027.0,1.6,1.4,163543,8609,48
