target,block,model,method,fear,greed,neutral,max_abs_regime_gap,fear_undercoverage
gk_future_7,full,gru,cqr,0.015262379896526235,-0.013628899835796293,0.0008290451686678857,0.015262379896526235,0.0
gk_future_7,price_onchain,gru,regime_cqr,-0.015410199556540993,-0.009934318555008148,0.00454545454545463,0.015410199556540993,-0.015410199556540993
gk_future_7,price_onchain,gru,cqr,-0.015779748706577945,0.000738916256157629,0.0019725557461407472,0.015779748706577945,-0.015779748706577945
gk_future_7,price_onchain,lstm,regime_cqr,-0.012453806356245378,-0.007881773399014746,0.016838193253287614,0.016838193253287614,-0.012453806356245378
gk_future_7,price_onchain,lstm,cqr,-0.011345158906134523,-0.002134646962233089,0.017409948542024045,0.017409948542024045,-0.011345158906134523
gk_future_7,full,gru,regime_cqr,0.011936437546193668,-0.020607553366174036,-0.00031446540880497587,0.020607553366174036,0.0
gk_future_7,price_only,har_ols,regime_cqr,-0.023170731707316983,0.027832512315270952,0.02255574614065181,0.027832512315270952,-0.023170731707316983
gk_future_7,price_only,har_ols,cqr,-0.025388026607538805,0.030295566502463123,0.02255574614065181,0.030295566502463123,-0.025388026607538805
gk_future_7,price_only,gru,raw_quantile,0.03226164079822624,0.026600985221674867,0.0299885648942253,0.03226164079822624,0.0
gk_future_7,price_only,gru,cqr,0.03373983739837405,0.03357963875205261,0.034562607204116635,0.034562607204116635,0.0
gk_future_7,price_only,gru,regime_cqr,0.03300073909830015,0.03275862068965518,0.034562607204116635,0.034562607204116635,0.0
gk_future_7,price_only,lstm,raw_quantile,0.02819660014781966,0.024548440065681465,0.0405660377358491,0.0405660377358491,0.0
gk_future_7,price_only,lstm,cqr,0.028566149297856613,0.024548440065681465,0.04085191538021726,0.04085191538021726,0.0
gk_future_7,price_only,lstm,regime_cqr,0.028566149297856613,0.025369458128078892,0.04085191538021726,0.04085191538021726,0.0
gk_future_7,price_onchain,gbr,cqr,-0.011345158906134523,0.045073891625615814,0.03170383076043459,0.045073891625615814,-0.011345158906134523
gk_future_7,price_onchain,gbr,raw_quantile,-0.013192904656319282,0.045073891625615814,0.02941680960548887,0.045073891625615814,-0.013192904656319282
gk_future_7,price_onchain,gbr,regime_cqr,-0.011714708056171474,0.045073891625615814,0.03170383076043459,0.045073891625615814,-0.011714708056171474
gk_future_7,full,lstm,cqr,-0.04571322985957127,-0.03661740558292281,-0.004888507718696311,0.04571322985957127,-0.04571322985957127
gk_future_7,full,lstm,regime_cqr,-0.04719142645971908,-0.046469622331691274,-0.008319039451114896,0.04719142645971908,-0.04719142645971908
gk_future_7,full,gbr,cqr,-0.01873614190687356,0.04794745484400664,0.02855917667238428,0.04794745484400664,-0.01873614190687356
gk_future_7,full,gbr,raw_quantile,-0.023909830007390886,0.04794745484400664,0.026843910806174986,0.04794745484400664,-0.023909830007390886
gk_future_7,full,gbr,regime_cqr,-0.01873614190687356,0.04794745484400664,0.02855917667238428,0.04794745484400664,-0.01873614190687356
gk_future_7,price_only,gbr,cqr,-0.00506282335550623,0.04917898193760262,0.034276729559748476,0.04917898193760262,-0.00506282335550623
gk_future_7,price_only,gbr,raw_quantile,-0.005801921655580133,0.04917898193760262,0.033704974271012045,0.04917898193760262,-0.005801921655580133
gk_future_7,price_only,gbr,regime_cqr,-0.00506282335550623,0.04917898193760262,0.034276729559748476,0.04917898193760262,-0.00506282335550623
gk_future_7,full,ridge,cqr,0.0012195121951219523,0.050000000000000044,0.041423670668953694,0.050000000000000044,0.0
gk_future_7,full,ridge,raw_quantile,0.0012195121951219523,0.050000000000000044,0.041423670668953694,0.050000000000000044,0.0
gk_future_7,full,ridge,regime_cqr,0.0012195121951219523,0.050000000000000044,0.041423670668953694,0.050000000000000044,0.0
gk_future_7,price_onchain,ridge,cqr,0.0012195121951219523,0.050000000000000044,0.041423670668953694,0.050000000000000044,0.0
gk_future_7,price_onchain,ridge,raw_quantile,0.0012195121951219523,0.050000000000000044,0.041423670668953694,0.050000000000000044,0.0
gk_future_7,price_onchain,ridge,regime_cqr,0.0012195121951219523,0.050000000000000044,0.041423670668953694,0.050000000000000044,0.0
gk_future_7,price_only,ridge,cqr,0.0012195121951219523,0.050000000000000044,0.041423670668953694,0.050000000000000044,0.0
gk_future_7,price_only,ridge,raw_quantile,0.0012195121951219523,0.050000000000000044,0.041423670668953694,0.050000000000000044,0.0
gk_future_7,price_only,ridge,regime_cqr,0.0012195121951219523,0.050000000000000044,0.041423670668953694,0.050000000000000044,0.0
gk_future_7,price_only,ridge,sym_conformal,-0.05199556541019956,-0.038669950738916214,-0.013464837049742662,0.05199556541019956,-0.05199556541019956
gk_future_7,price_only,har_ols,raw_quantile,-0.056430155210642985,0.027832512315270952,0.013979416809605572,0.056430155210642985,-0.056430155210642985
gk_future_7,full,rf,cqr,-0.06751662971175165,0.02290640394088672,0.009977129788450556,0.06751662971175165,-0.06751662971175165
gk_future_7,full,har_ols,sym_conformal,-0.058647450110864696,-0.07068965517241377,-0.05463121783876501,0.07068965517241377,-0.058647450110864696
gk_future_7,price_only,har_ols,sym_conformal,-0.04534368070953432,-0.07068965517241377,-0.013464837049742662,0.07068965517241377,-0.04534368070953432
gk_future_7,full,rf,regime_cqr,-0.07232076866223203,0.010180623973727432,0.007975986277873104,0.07232076866223203,-0.07232076866223203
gk_future_7,price_only,rf,cqr,-0.07305986696230593,-0.014860426929392379,-0.02975986277873066,0.07305986696230593,-0.07305986696230593
gk_future_7,price_onchain,ridge,sym_conformal,-0.05199556541019956,-0.07315270935960583,-0.02890222984562607,0.07315270935960583,-0.05199556541019956
gk_future_7,price_onchain,gru,raw_quantile,-0.07342941611234288,-0.04236453201970436,-0.04605488850771866,0.07342941611234288,-0.07342941611234288
gk_future_7,price_only,gru,sym_conformal,-0.06197339246119726,-0.07602627257799666,-0.012893081761006231,0.07602627257799666,-0.06197339246119726
gk_future_7,price_onchain,lstm,raw_quantile,-0.0756467110125646,-0.07684729064039408,-0.041480846197827326,0.07684729064039408,-0.0756467110125646
gk_future_7,full,gru,raw_quantile,-0.033518107908351746,-0.0797208538587848,-0.06320754716981125,0.0797208538587848,-0.033518107908351746
gk_future_7,price_only,ridge,regime_sym_conformal,-0.06456023651145593,-0.08054187192118223,-0.015180102915951954,0.08054187192118223,-0.06456023651145593
gk_future_7,price_only,rf,regime_cqr,-0.08377679231337765,-0.03497536945812807,-0.033190394511149135,0.08377679231337765,-0.08377679231337765
gk_future_7,full,ridge,regime_sym_conformal,-0.08451589061345155,-0.03169129720853858,-0.026901086335048507,0.08451589061345155,-0.08451589061345155
gk_future_7,price_onchain,gru,sym_conformal,-0.044604582409460414,-0.08546798029556646,-0.03404802744425384,0.08546798029556646,-0.044604582409460414
gk_future_7,price_onchain,rf,cqr,-0.08636363636363631,-0.016502463054187122,-0.0351915380217267,0.08636363636363631,-0.08636363636363631
gk_future_7,price_onchain,lstm,sym_conformal,-0.08045084996304508,-0.08793103448275863,-0.02175528873642074,0.08793103448275863,-0.08045084996304508
gk_future_7,full,ridge,sym_conformal,-0.08858093126385802,-0.033333333333333326,-0.02032590051457972,0.08858093126385802,-0.08858093126385802
gk_future_7,price_only,lstm,sym_conformal,-0.07527716186252764,-0.08875205254515595,-0.02146941109205258,0.08875205254515595,-0.07527716186252764
gk_future_7,price_onchain,har_ols,sym_conformal,-0.029822616407982228,-0.09039408866995069,-0.0391938250428816,0.09039408866995069,-0.029822616407982228
gk_future_7,full,har_ols,regime_sym_conformal,-0.06751662971175165,-0.09285714285714286,-0.058061749571183485,0.09285714285714286,-0.06751662971175165
gk_future_7,price_onchain,rf,regime_cqr,-0.09412416851441241,-0.03661740558292281,-0.03633504859919945,0.09412416851441241,-0.09412416851441241
gk_future_7,price_only,rf,sym_conformal,-0.09560236511456022,-0.09080459770114935,-0.04576901086335039,0.09560236511456022,-0.09560236511456022
gk_future_7,price_onchain,rf,sym_conformal,-0.09745011086474498,-0.08013136288998357,-0.04291023441966835,0.09745011086474498,-0.09745011086474498
gk_future_7,full,lstm,sym_conformal,-0.10077605321507754,-0.06206896551724128,-0.033762149799885566,0.10077605321507754,-0.10077605321507754
gk_future_7,price_only,gru,regime_sym_conformal,-0.060495195861049456,-0.10147783251231524,-0.027472841623784938,0.10147783251231524,-0.060495195861049456
gk_future_7,full,gru,sym_conformal,-0.10151515151515145,-0.0325123152709359,-0.026043453401943917,0.10151515151515145,-0.10151515151515145
gk_future_7,full,lstm,regime_sym_conformal,-0.10225424981522535,-0.09121510673234812,-0.04462550028587764,0.10225424981522535,-0.10225424981522535
gk_future_7,price_only,har_ols,regime_sym_conformal,-0.06973392461197336,-0.10270935960591132,-0.013464837049742662,0.10270935960591132,-0.06973392461197336
gk_future_7,price_onchain,lstm,regime_sym_conformal,-0.07527716186252764,-0.10353037766830864,-0.026043453401943917,0.10353037766830864,-0.07527716186252764
gk_future_7,price_onchain,ridge,regime_sym_conformal,-0.056430155210642985,-0.10517241379310338,-0.03576329331046313,0.10517241379310338,-0.056430155210642985
gk_future_7,price_onchain,gru,regime_sym_conformal,-0.044974131559497366,-0.10558292282430204,-0.042624356775300076,0.10558292282430204,-0.044974131559497366
gk_future_7,full,gru,regime_sym_conformal,-0.10631929046563193,-0.059195402298850563,-0.031189251000571683,0.10631929046563193,-0.10631929046563193
gk_future_7,price_onchain,har_ols,cqr,-0.1096452328159645,0.000738916256157629,-0.03747855917667231,0.1096452328159645,-0.1096452328159645
gk_future_7,price_onchain,har_ols,regime_cqr,-0.11407982261640792,-0.011576354679802892,-0.03747855917667231,0.11407982261640792,-0.11407982261640792
gk_future_7,price_onchain,rf,regime_sym_conformal,-0.1026237989652623,-0.11502463054187184,-0.05291595197255572,0.11502463054187184,-0.1026237989652623
gk_future_7,price_only,lstm,regime_sym_conformal,-0.07749445676274935,-0.11625615763546793,-0.031761006289308114,0.11625615763546793,-0.07749445676274935
gk_future_7,price_onchain,har_ols,regime_sym_conformal,-0.027605321507760516,-0.11748768472906401,-0.0391938250428816,0.11748768472906401,-0.027605321507760516
gk_future_7,price_only,rf,regime_sym_conformal,-0.09929785661492974,-0.1248768472906403,-0.07006861063464831,0.1248768472906403,-0.09929785661492974
gk_future_7,price_only,gbr,sym_conformal,-0.14105691056910563,-0.06371100164203614,-0.05291595197255572,0.14105691056910563,-0.14105691056910563
gk_future_7,full,gbr,sym_conformal,-0.14179600886917954,-0.08300492610837429,-0.049485420240137135,0.14179600886917954,-0.14179600886917954
gk_future_7,full,gbr,regime_sym_conformal,-0.1443828529194382,-0.11789819376026267,-0.056632361349342464,0.1443828529194382,-0.1443828529194382
gk_future_7,price_onchain,gbr,sym_conformal,-0.1451219512195121,-0.08300492610837429,-0.05463121783876501,0.1451219512195121,-0.1451219512195121
gk_future_7,price_only,gbr,regime_sym_conformal,-0.14623059866962307,-0.07807881773399006,-0.06978273299028015,0.14623059866962307,-0.14623059866962307
gk_future_7,full,har_ols,regime_cqr,-0.03203991130820394,-0.043596059113300445,-0.1541166380789022,0.1541166380789022,-0.03203991130820394
gk_future_7,price_onchain,gbr,regime_sym_conformal,-0.154360679970436,-0.09819376026272575,-0.0677815894797027,0.154360679970436,-0.154360679970436
gk_future_7,full,har_ols,cqr,-0.027605321507760516,-0.009113300492610832,-0.15583190394511148,0.15583190394511148,-0.027605321507760516
gk_future_7,full,rf,sym_conformal,-0.16101256467110125,-0.0871100164203612,-0.01975414522584329,0.16101256467110125,-0.16101256467110125
gk_future_7,full,rf,regime_sym_conformal,-0.16322985957132297,-0.12036124794745484,-0.030331618067467092,0.16322985957132297,-0.16322985957132297
gk_future_7,full,rf,raw_quantile,-0.18170731707317067,-0.051395730706075504,-0.05949113779302451,0.18170731707317067,-0.18170731707317067
gk_future_7,full,lstm,raw_quantile,-0.14031781226903173,-0.2036945812807881,-0.0977987421383647,0.2036945812807881,-0.14031781226903173
gk_future_7,price_onchain,har_ols,raw_quantile,-0.21829268292682924,-0.053448275862068906,-0.14039451114922807,0.21829268292682924,-0.21829268292682924
gk_future_7,price_only,rf,raw_quantile,-0.3661123429416112,-0.2878489326765188,-0.39711263579188105,0.39711263579188105,-0.3661123429416112
gk_future_7,price_onchain,rf,raw_quantile,-0.3683296378418329,-0.304679802955665,-0.406546598056032,0.406546598056032,-0.3683296378418329
gk_future_7,full,har_ols,raw_quantile,-0.2626385809312638,-0.2258620689655172,-0.4148370497427101,0.4148370497427101,-0.2626385809312638
ret_future_1,price_only,rf,regime_sym_conformal,-0.0091278640059127,0.003658536585365857,0.010276338514680572,0.010276338514680572,-0.0091278640059127
ret_future_1,price_only,ridge,regime_sym_conformal,-0.008019216555801845,0.0069105691056911,0.013730569948186555,0.013730569948186555,-0.008019216555801845
ret_future_1,price_only,gbr,sym_conformal,-0.008388765705838797,-0.004471544715447084,0.014594127806563106,0.014594127806563106,-0.008388765705838797
ret_future_1,price_only,gbr,regime_sym_conformal,-0.017627494456762705,0.0024390243902439046,0.002216465169833093,0.017627494456762705,-0.017627494456762705
ret_future_1,price_only,rf,sym_conformal,-0.008019216555801845,-0.003252032520325132,0.01804835924006909,0.01804835924006909,-0.008019216555801845
ret_future_1,price_only,har_ols,regime_sym_conformal,-0.0054323725055431815,0.003658536585365857,0.01891191709844564,0.01891191709844564,-0.0054323725055431815
ret_future_1,price_only,ridge,sym_conformal,-0.005801921655580133,-0.0028455284552845184,0.020639032815198632,0.020639032815198632,-0.005801921655580133
ret_future_1,price_only,har_ols,sym_conformal,-0.009866962305986604,-0.0012195121951219523,0.025820379965457718,0.025820379965457718,-0.009866962305986604
rs_future_7,full,gru,regime_cqr,0.0067627494456763415,-0.005418719211822576,-0.002601486563750699,0.0067627494456763415,0.0
rs_future_7,full,gru,cqr,0.008980044345898053,0.0027914614121511416,-0.0017438536306459973,0.008980044345898053,0.0
rs_future_7,price_onchain,gru,regime_cqr,-0.0054323725055431815,0.0023809523809523725,-0.009462550028587757,0.009462550028587757,-0.0054323725055431815
rs_future_7,price_onchain,gru,cqr,-0.012084257206208426,0.009770114942528774,-0.006032018296169173,0.012084257206208426,-0.012084257206208426
rs_future_7,price_onchain,lstm,cqr,-0.01651884700665185,-0.015681444991789806,0.00483133218982279,0.01651884700665185,-0.01651884700665185
rs_future_7,price_only,har_ols,regime_cqr,-0.02095343680709527,0.02290640394088672,0.01226415094339628,0.02290640394088672,-0.02095343680709527
rs_future_7,price_only,har_ols,cqr,-0.02095343680709527,0.025369458128078892,0.01226415094339628,0.025369458128078892,-0.02095343680709527
rs_future_7,price_onchain,lstm,regime_cqr,-0.017257945306725753,-0.025533661740558267,0.0065465980560320824,0.025533661740558267,-0.017257945306725753
rs_future_7,price_only,lstm,raw_quantile,0.01045824094604586,-0.018555008210180635,0.03027444253859357,0.03027444253859357,0.0
rs_future_7,price_only,lstm,cqr,0.01821877309682196,-0.007881773399014746,0.034562607204116635,0.034562607204116635,0.0
rs_future_7,price_only,lstm,regime_cqr,0.01821877309682196,-0.007881773399014746,0.034562607204116635,0.034562607204116635,0.0
rs_future_7,price_only,gru,raw_quantile,0.036696230598669666,0.017569786535303833,0.033419096626643885,0.036696230598669666,0.0
rs_future_7,price_only,gru,cqr,0.03817442719881747,0.02331691297208538,0.0365637507146942,0.03817442719881747,0.0
rs_future_7,price_only,gru,regime_cqr,0.03817442719881747,0.02290640394088672,0.0365637507146942,0.03817442719881747,0.0
rs_future_7,full,gbr,raw_quantile,-0.040909090909090895,0.04178981937602633,0.024271012006861103,0.04178981937602633,-0.040909090909090895
rs_future_7,price_only,ridge,sym_conformal,-0.040909090909090895,-0.04318555008210179,-0.01174957118353337,0.04318555008210179,-0.040909090909090895
rs_future_7,full,gbr,cqr,-0.020214338507021368,0.04343185550082107,0.03027444253859357,0.04343185550082107,-0.020214338507021368
rs_future_7,full,gbr,regime_cqr,-0.02095343680709527,0.04343185550082107,0.03027444253859357,0.04343185550082107,-0.02095343680709527
rs_future_7,full,lstm,cqr,-0.0423872875092387,-0.04482758620689653,-0.005174385363064582,0.04482758620689653,-0.0423872875092387
rs_future_7,price_only,har_ols,raw_quantile,-0.04756097560975603,0.02290640394088672,0.0002572898799314549,0.04756097560975603,-0.04756097560975603
rs_future_7,price_only,gbr,cqr,-0.011714708056171474,0.0483579638752053,0.0365637507146942,0.0483579638752053,-0.011714708056171474
rs_future_7,price_only,gbr,raw_quantile,-0.02280118255728003,0.0483579638752053,0.035134362492853066,0.0483579638752053,-0.02280118255728003
rs_future_7,price_only,gbr,regime_cqr,-0.011714708056171474,0.0483579638752053,0.0365637507146942,0.0483579638752053,-0.011714708056171474
rs_future_7,price_onchain,gbr,cqr,-0.01282335550628233,0.049589490968801386,0.03770726129216695,0.049589490968801386,-0.01282335550628233
rs_future_7,price_onchain,gbr,raw_quantile,-0.020214338507021368,0.049589490968801386,0.03713550600343063,0.049589490968801386,-0.020214338507021368
rs_future_7,price_onchain,gbr,regime_cqr,-0.01282335550628233,0.049589490968801386,0.03770726129216695,0.049589490968801386,-0.01282335550628233
rs_future_7,price_onchain,ridge,cqr,0.0012195121951219523,0.050000000000000044,0.041423670668953694,0.050000000000000044,0.0
rs_future_7,price_onchain,ridge,raw_quantile,0.0012195121951219523,0.050000000000000044,0.041423670668953694,0.050000000000000044,0.0
rs_future_7,price_onchain,ridge,regime_cqr,0.0012195121951219523,0.050000000000000044,0.041423670668953694,0.050000000000000044,0.0
rs_future_7,price_only,ridge,cqr,0.0012195121951219523,0.050000000000000044,0.041423670668953694,0.050000000000000044,0.0
rs_future_7,price_only,ridge,raw_quantile,0.0012195121951219523,0.050000000000000044,0.041423670668953694,0.050000000000000044,0.0
rs_future_7,price_only,ridge,regime_cqr,0.0012195121951219523,0.050000000000000044,0.041423670668953694,0.050000000000000044,0.0
rs_future_7,full,ridge,cqr,-0.06160384331116031,0.008538587848932688,-0.005174385363064582,0.06160384331116031,-0.06160384331116031
rs_future_7,full,lstm,regime_cqr,-0.0423872875092387,-0.06371100164203614,-0.008604917095483056,0.06371100164203614,-0.0423872875092387
rs_future_7,full,gru,sym_conformal,-0.06419068736141897,-0.007060755336617319,-0.02175528873642074,0.06419068736141897,-0.06419068736141897
rs_future_7,full,rf,cqr,-0.06419068736141897,0.01592775041050909,-0.011177815894796939,0.06419068736141897,-0.06419068736141897
rs_future_7,full,gru,regime_sym_conformal,-0.0671470805617147,-0.035796387520525386,-0.02718696397941678,0.0671470805617147,-0.0671470805617147
rs_future_7,price_onchain,ridge,sym_conformal,-0.05199556541019956,-0.0682266009852216,-0.032332761578044544,0.0682266009852216,-0.05199556541019956
rs_future_7,full,rf,regime_cqr,-0.07047302291204727,-0.002955665024630516,-0.015751858204688385,0.07047302291204727,-0.07047302291204727
rs_future_7,full,ridge,regime_cqr,-0.07084257206208422,-0.017733990147783207,-0.0031732418524871298,0.07084257206208422,-0.07084257206208422
rs_future_7,price_onchain,gru,sym_conformal,-0.04608277900960822,-0.07110016420361243,-0.031475128644939954,0.07110016420361243,-0.04608277900960822
rs_future_7,price_only,gru,sym_conformal,-0.044604582409460414,-0.07848932676518883,-0.018610634648370428,0.07848932676518883,-0.044604582409460414
rs_future_7,price_onchain,gru,raw_quantile,-0.07490761271249069,-0.07889983579638749,-0.07521440823327608,0.07889983579638749,-0.07490761271249069
rs_future_7,price_only,rf,regime_cqr,-0.08118994826311898,-0.03415435139573064,-0.0351915380217267,0.08118994826311898,-0.08118994826311898
rs_future_7,price_only,rf,cqr,-0.08266814486326679,-0.012397372742200319,-0.03490566037735843,0.08266814486326679,-0.08266814486326679
rs_future_7,full,har_ols,sym_conformal,-0.07860310421286032,-0.08300492610837429,-0.06149228130360196,0.08300492610837429,-0.07860310421286032
rs_future_7,price_onchain,gru,regime_sym_conformal,-0.044604582409460414,-0.08423645320197037,-0.03662092624356772,0.08423645320197037,-0.044604582409460414
rs_future_7,full,ridge,sym_conformal,-0.08636363636363631,-0.07931034482758614,-0.04376786735277294,0.08636363636363631,-0.08636363636363631
rs_future_7,price_onchain,har_ols,regime_cqr,-0.08747228381374716,0.0056650246305419705,-0.042624356775300076,0.08747228381374716,-0.08747228381374716
rs_future_7,price_onchain,har_ols,cqr,-0.08968957871396888,0.010591133004926201,-0.04433962264150937,0.08968957871396888,-0.08968957871396888
rs_future_7,price_only,rf,sym_conformal,-0.08968957871396888,-0.08177339901477831,-0.018038879359633997,0.08968957871396888,-0.08968957871396888
rs_future_7,price_only,har_ols,sym_conformal,-0.04977827050997774,-0.09039408866995069,-0.023756432246998194,0.09039408866995069,-0.04977827050997774
rs_future_7,price_onchain,lstm,sym_conformal,-0.09079822616407973,-0.08464696223316903,-0.033476272155517406,0.09079822616407973,-0.09079822616407973
rs_future_7,price_only,ridge,regime_sym_conformal,-0.04756097560975603,-0.09244663382594409,-0.013464837049742662,0.09244663382594409,-0.04756097560975603
rs_future_7,full,ridge,regime_sym_conformal,-0.09634146341463412,-0.08013136288998357,-0.05520297312750133,0.09634146341463412,-0.09634146341463412
rs_future_7,price_onchain,rf,cqr,-0.09634146341463412,-0.003366174055829174,-0.040909090909090895,0.09634146341463412,-0.09634146341463412
rs_future_7,full,lstm,sym_conformal,-0.09671101256467107,-0.05303776683087025,-0.03662092624356772,0.09671101256467107,-0.09671101256467107
rs_future_7,full,lstm,regime_sym_conformal,-0.09892830746489278,-0.07931034482758614,-0.042624356775300076,0.09892830746489278,-0.09892830746489278
rs_future_7,full,har_ols,regime_sym_conformal,-0.08082039911308203,-0.10024630541871915,-0.06492281303602054,0.10024630541871915,-0.08082039911308203
rs_future_7,price_onchain,har_ols,sym_conformal,-0.027605321507760516,-0.10024630541871915,-0.032332761578044544,0.10024630541871915,-0.027605321507760516
rs_future_7,price_onchain,rf,sym_conformal,-0.10040650406504059,-0.07233169129720851,-0.023184676958261874,0.10040650406504059,-0.10040650406504059
rs_future_7,price_only,lstm,sym_conformal,-0.05199556541019956,-0.10106732348111658,-0.023184676958261874,0.10106732348111658,-0.05199556541019956
rs_future_7,price_onchain,rf,regime_cqr,-0.10151515151515145,-0.02430213464696218,-0.040623213264722624,0.10151515151515145,-0.10151515151515145
rs_future_7,price_onchain,lstm,raw_quantile,-0.06160384331116031,-0.10311986863710998,-0.05320182961692388,0.10311986863710998,-0.06160384331116031
rs_future_7,full,gru,raw_quantile,-0.04830007390982993,-0.05755336617405582,-0.10523156089193819,0.10523156089193819,-0.04830007390982993
rs_future_7,price_only,gru,regime_sym_conformal,-0.04201773835920175,-0.10804597701149421,-0.03604917095483129,0.10804597701149421,-0.04201773835920175
rs_future_7,price_onchain,lstm,regime_sym_conformal,-0.09005912786400583,-0.10886699507389153,-0.03690680388793588,0.10886699507389153,-0.09005912786400583
rs_future_7,price_onchain,har_ols,regime_sym_conformal,-0.01873614190687356,-0.11009852216748761,-0.032332761578044544,0.11009852216748761,-0.01873614190687356
rs_future_7,price_onchain,ridge,regime_sym_conformal,-0.04756097560975603,-0.11009852216748761,-0.0391938250428816,0.11009852216748761,-0.04756097560975603
rs_future_7,price_onchain,rf,regime_sym_conformal,-0.10003695491500364,-0.11091954022988504,-0.02775871926815321,0.11091954022988504,-0.10003695491500364
rs_future_7,price_only,rf,regime_sym_conformal,-0.09005912786400583,-0.11666666666666659,-0.02718696397941678,0.11666666666666659,-0.09005912786400583
rs_future_7,price_only,har_ols,regime_sym_conformal,-0.04977827050997774,-0.11995073891625607,-0.023756432246998194,0.11995073891625607,-0.04977827050997774
rs_future_7,price_only,gbr,sym_conformal,-0.12405764966740573,-0.07602627257799666,-0.03719268153230415,0.12405764966740573,-0.12405764966740573
rs_future_7,price_only,gbr,regime_sym_conformal,-0.1281226903178122,-0.10886699507389153,-0.04291023441966835,0.1281226903178122,-0.1281226903178122
rs_future_7,price_onchain,gbr,sym_conformal,-0.12923133776792306,-0.08054187192118223,-0.03490566037735843,0.12923133776792306,-0.12923133776792306
rs_future_7,price_only,lstm,regime_sym_conformal,-0.052365114560236514,-0.1334975369458128,-0.03404802744425384,0.1334975369458128,-0.052365114560236514
rs_future_7,price_onchain,gbr,regime_sym_conformal,-0.13477457501847745,-0.11379310344827587,-0.03976558033161803,0.13477457501847745,-0.13477457501847745
rs_future_7,full,gbr,sym_conformal,-0.13625277161862526,-0.07725779967159274,-0.02918810748999423,0.13625277161862526,-0.13625277161862526
rs_future_7,full,har_ols,cqr,-0.05199556541019956,-0.033743842364531984,-0.14210977701543737,0.14210977701543737,-0.05199556541019956
rs_future_7,full,gbr,regime_sym_conformal,-0.145861049519586,-0.1133825944170771,-0.040909090909090895,0.145861049519586,-0.145861049519586
rs_future_7,full,rf,sym_conformal,-0.15103473762010344,-0.05796387520525448,-0.015465980560320114,0.15103473762010344,-0.15103473762010344
rs_future_7,full,har_ols,regime_cqr,-0.04977827050997774,-0.050985221674876846,-0.1524013722126929,0.1524013722126929,-0.04977827050997774
rs_future_7,full,rf,regime_sym_conformal,-0.15879526977087943,-0.08752052545155986,-0.025185820468839326,0.15879526977087943,-0.15879526977087943
rs_future_7,full,ridge,raw_quantile,-0.17653362897265334,-0.023481116584564865,-0.04348198970840478,0.17653362897265334,-0.17653362897265334
rs_future_7,price_onchain,har_ols,raw_quantile,-0.18725055432372506,-0.016502463054187122,-0.17126929674099478,0.18725055432372506,-0.18725055432372506
rs_future_7,full,lstm,raw_quantile,-0.15325203252032515,-0.19178981937602624,-0.11323613493424811,0.19178981937602624,-0.15325203252032515
rs_future_7,full,rf,raw_quantile,-0.2533998521803399,-0.1322660098522167,-0.18156089193825042,0.2533998521803399,-0.2533998521803399
rs_future_7,price_onchain,rf,raw_quantile,-0.334331116038433,-0.23981937602627257,-0.38825042881646654,0.38825042881646654,-0.334331116038433
rs_future_7,full,har_ols,raw_quantile,-0.27372505543237247,-0.2184729064039408,-0.43713550600343054,0.43713550600343054,-0.27372505543237247
rs_future_7,price_only,rf,raw_quantile,-0.400110864745011,-0.28702791461412147,-0.44199542595769004,0.44199542595769004,-0.400110864745011
rv_future_7,price_onchain,lstm,regime_cqr,-0.008758314855875748,-0.009113300492610832,0.0014008004574043165,0.009113300492610832,-0.008758314855875748
rv_future_7,price_onchain,lstm,cqr,-0.011345158906134523,-0.007060755336617319,0.002830188679245338,0.011345158906134523,-0.011345158906134523
rv_future_7,price_only,har_ols,cqr,0.01230598669623062,0.0056650246305419705,-0.0031732418524871298,0.01230598669623062,0.0
rv_future_7,price_only,har_ols,regime_cqr,0.014523281596452331,-0.0017241379310344307,0.0002572898799314549,0.014523281596452331,0.0
rv_future_7,price_only,ridge,regime_cqr,0.014523281596452331,0.006486042692939287,0.007404230989136673,0.014523281596452331,0.0
rv_future_7,price_only,ridge,raw_quantile,0.010088691796008908,-0.003366174055829174,-0.014608347627215523,0.014608347627215523,0.0
rv_future_7,price_only,ridge,cqr,0.01600147819660014,0.010591133004926201,0.007404230989136673,0.01600147819660014,0.0
rv_future_7,price_onchain,gbr,raw_quantile,-0.006910569105690989,0.006075533661740629,-0.016895368782161135,0.016895368782161135,-0.006910569105690989
rv_future_7,price_only,lstm,raw_quantile,-0.000997782705099759,-0.018144499178981865,0.008547741566609535,0.018144499178981865,-0.000997782705099759
rv_future_7,price_onchain,rf,cqr,-0.012084257206208426,-0.005008210180623918,-0.02032590051457972,0.02032590051457972,-0.012084257206208426
rv_future_7,price_only,gbr,raw_quantile,-0.01836659275683661,0.0011494252873563982,-0.022612921669525443,0.022612921669525443,-0.01836659275683661
rv_future_7,full,gru,cqr,-0.01836659275683661,-0.023070607553366096,0.008547741566609535,0.023070607553366096,-0.01836659275683661
rv_future_7,price_only,lstm,cqr,0.0163710273466372,-0.009934318555008148,0.023413379073756513,0.023413379073756513,0.0
rv_future_7,price_only,gbr,regime_cqr,0.00639320029563939,0.024137931034482807,-0.00031446540880497587,0.024137931034482807,0.0
rv_future_7,price_only,lstm,regime_cqr,0.016740576496674153,-0.013628899835796293,0.024556889651229263,0.024556889651229263,0.0
rv_future_7,price_onchain,gbr,cqr,0.016740576496674153,0.026600985221674867,0.008547741566609535,0.026600985221674867,0.0
rv_future_7,price_onchain,gbr,regime_cqr,0.013045084996304523,0.026600985221674867,0.008261863922241375,0.026600985221674867,0.0
rv_future_7,full,gru,regime_cqr,-0.027605321507760516,-0.023481116584564865,0.007690108633504944,0.027605321507760516,-0.027605321507760516
rv_future_7,price_only,gbr,cqr,0.014892830746489283,0.02865353037766838,0.002544311034877067,0.02865353037766838,0.0
rv_future_7,price_onchain,gru,regime_cqr,-0.029453067257945276,0.029064039408867037,0.01226415094339628,0.029453067257945276,-0.029453067257945276
rv_future_7,price_onchain,gru,cqr,-0.027605321507760516,0.03070607553366178,0.012550028587764439,0.03070607553366178,-0.027605321507760516
rv_future_7,price_only,rf,cqr,-0.03203991130820394,-0.02430213464696218,-0.03004574042309882,0.03203991130820394,-0.03203991130820394
rv_future_7,price_only,har_ols,raw_quantile,0.007871396895787197,-0.021428571428571352,-0.032332761578044544,0.032332761578044544,0.0
rv_future_7,price_only,gru,raw_quantile,0.021544715447154528,0.009770114942528774,0.033133218982275614,0.033133218982275614,0.0
rv_future_7,full,gbr,raw_quantile,0.0012195121951219523,0.03399014778325127,0.002830188679245338,0.03399014778325127,0.0
rv_future_7,price_only,gru,cqr,0.031152993348115388,0.016748768472906406,0.03599199542595777,0.03599199542595777,0.0
rv_future_7,price_only,gru,regime_cqr,0.03189209164818929,0.013875205254515688,0.0365637507146942,0.0365637507146942,0.0
rv_future_7,full,gbr,cqr,0.023392461197339287,0.03809523809523818,0.02169811320754722,0.03809523809523818,0.0
rv_future_7,full,gbr,regime_cqr,0.023392461197339287,0.03809523809523818,0.016266437964551184,0.03809523809523818,0.0
rv_future_7,price_onchain,rf,regime_cqr,-0.039061345158906136,-0.016502463054187122,-0.025757575757575757,0.039061345158906136,-0.039061345158906136
rv_future_7,full,ridge,cqr,0.023392461197339287,0.040147783251231584,0.02084048027444263,0.040147783251231584,0.0
rv_future_7,full,ridge,raw_quantile,-0.000997782705099759,0.040147783251231584,0.01226415094339628,0.040147783251231584,-0.000997782705099759
rv_future_7,full,ridge,regime_cqr,0.023392461197339287,0.040147783251231584,0.017409948542024045,0.040147783251231584,0.0
rv_future_7,price_onchain,ridge,cqr,0.023392461197339287,0.040147783251231584,0.02084048027444263,0.040147783251231584,0.0
rv_future_7,price_onchain,ridge,raw_quantile,-0.000997782705099759,0.040147783251231584,0.01226415094339628,0.040147783251231584,-0.000997782705099759
rv_future_7,price_onchain,ridge,regime_cqr,0.023392461197339287,0.040147783251231584,0.017409948542024045,0.040147783251231584,0.0
rv_future_7,full,rf,cqr,-0.03277900960827784,-0.0419540229885057,-0.007461406518010194,0.0419540229885057,-0.03277900960827784
rv_future_7,price_only,rf,regime_cqr,-0.04386548410938651,-0.046059113300492616,-0.031189251000571683,0.046059113300492616,-0.04386548410938651
rv_future_7,price_onchain,har_ols,cqr,-0.06086474501108641,0.000738916256157629,-0.0014579759862778374,0.06086474501108641,-0.06086474501108641
rv_future_7,price_onchain,har_ols,regime_cqr,-0.06086474501108641,-0.023891625615763523,0.0002572898799314549,0.06086474501108641,-0.06086474501108641
rv_future_7,price_onchain,lstm,raw_quantile,-0.06086474501108641,-0.041133004926108385,-0.02833047455688964,0.06086474501108641,-0.06086474501108641
rv_future_7,full,rf,regime_cqr,-0.06456023651145593,-0.058374384236453136,-0.01174957118353337,0.06456023651145593,-0.06456023651145593
rv_future_7,full,har_ols,regime_cqr,-0.06751662971175165,-0.014039408866995062,-0.03404802744425384,0.06751662971175165,-0.06751662971175165
rv_future_7,full,lstm,cqr,-0.037213599408721265,-0.07233169129720851,-0.004602630074328151,0.07233169129720851,-0.037213599408721265
rv_future_7,full,lstm,regime_cqr,-0.046821877309682125,-0.07233169129720851,-0.012607204116638071,0.07233169129720851,-0.046821877309682125
rv_future_7,price_onchain,lstm,sym_conformal,-0.07269031781226898,-0.07479474548440057,-0.031761006289308114,0.07479474548440057,-0.07269031781226898
rv_future_7,full,har_ols,cqr,-0.07860310421286032,-0.0017241379310344307,-0.032332761578044544,0.07860310421286032,-0.07860310421286032
rv_future_7,price_only,har_ols,sym_conformal,-0.058647450110864696,-0.08054187192118223,-0.02032590051457972,0.08054187192118223,-0.058647450110864696
rv_future_7,price_onchain,har_ols,sym_conformal,-0.08747228381374716,-0.038669950738916214,-0.02890222984562607,0.08747228381374716,-0.08747228381374716
rv_future_7,price_onchain,gru,sym_conformal,-0.08784183296378412,-0.07274220032840717,-0.032332761578044544,0.08784183296378412,-0.08784183296378412
rv_future_7,full,gru,sym_conformal,-0.08821138211382107,-0.06247947454844005,-0.013750714694110822,0.08821138211382107,-0.08821138211382107
rv_future_7,price_onchain,har_ols,regime_sym_conformal,-0.08968957871396888,-0.048522167487684675,-0.02032590051457972,0.08968957871396888,-0.08968957871396888
rv_future_7,price_onchain,lstm,regime_sym_conformal,-0.0671470805617147,-0.09367816091954018,-0.03719268153230415,0.09367816091954018,-0.0671470805617147
rv_future_7,price_only,ridge,sym_conformal,-0.05901699926090165,-0.0944991789819376,-0.02089765580331615,0.0944991789819376,-0.05901699926090165
rv_future_7,full,har_ols,sym_conformal,-0.08525498891352545,-0.09532019704433492,-0.0014579759862778374,0.09532019704433492,-0.08525498891352545
rv_future_7,price_only,gbr,sym_conformal,-0.09597191426459717,-0.05467980295566499,-0.0449113779302458,0.09597191426459717,-0.09597191426459717
rv_future_7,full,lstm,sym_conformal,-0.09708056171470802,-0.07684729064039408,-0.04605488850771866,0.09708056171470802,-0.09708056171470802
rv_future_7,full,gbr,sym_conformal,-0.09892830746489278,-0.06945812807881768,-0.04348198970840478,0.09892830746489278,-0.09892830746489278
rv_future_7,price_onchain,gru,raw_quantile,-0.09929785661492974,0.024548440065681465,-0.013750714694110822,0.09929785661492974,-0.09929785661492974
rv_future_7,full,lstm,regime_sym_conformal,-0.09892830746489278,-0.10353037766830864,-0.06349342481417952,0.10353037766830864,-0.09892830746489278
rv_future_7,full,gru,regime_sym_conformal,-0.10447154471544706,-0.09285714285714286,-0.022327044025157172,0.10447154471544706,-0.10447154471544706
rv_future_7,full,gru,raw_quantile,-0.08377679231337765,-0.10763546798029555,-0.04605488850771866,0.10763546798029555,-0.08377679231337765
rv_future_7,price_only,gbr,regime_sym_conformal,-0.1103843311160384,-0.08341543513957306,-0.05120068610634643,0.1103843311160384,-0.1103843311160384
rv_future_7,price_onchain,gru,regime_sym_conformal,-0.08599408721359936,-0.11174055829228235,-0.04634076615208682,0.11174055829228235,-0.08599408721359936
rv_future_7,full,ridge,sym_conformal,-0.11407982261640792,-0.09285714285714286,0.008833619210977695,0.11407982261640792,-0.11407982261640792
rv_future_7,full,gbr,regime_sym_conformal,-0.10927568366592755,-0.11420361247947453,-0.05634648370497419,0.11420361247947453,-0.10927568366592755
rv_future_7,price_only,gru,sym_conformal,-0.07860310421286032,-0.11912972085385876,-0.033762149799885566,0.11912972085385876,-0.07860310421286032
rv_future_7,price_onchain,ridge,regime_sym_conformal,-0.12073170731707317,-0.11748768472906401,-0.03576329331046313,0.12073170731707317,-0.12073170731707317
rv_future_7,price_onchain,ridge,sym_conformal,-0.12294900221729488,-0.09778325123152709,-0.02718696397941678,0.12294900221729488,-0.12294900221729488
rv_future_7,full,har_ols,regime_sym_conformal,-0.08968957871396888,-0.12733990147783247,-0.015180102915951954,0.12733990147783247,-0.08968957871396888
rv_future_7,full,ridge,regime_sym_conformal,-0.10299334811529925,-0.12733990147783247,-0.006603773584905603,0.12733990147783247,-0.10299334811529925
rv_future_7,price_only,har_ols,regime_sym_conformal,-0.08525498891352545,-0.12980295566502453,-0.016895368782161135,0.12980295566502453,-0.08525498891352545
rv_future_7,price_only,gru,regime_sym_conformal,-0.08229859571322984,-0.13390804597701145,-0.03547741566609486,0.13390804597701145,-0.08229859571322984
rv_future_7,price_only,ridge,regime_sym_conformal,-0.10742793791574279,-0.13801313628899836,-0.014036592338479092,0.13801313628899836,-0.10742793791574279
rv_future_7,full,rf,sym_conformal,-0.1358832224685883,-0.13883415435139568,-0.03862206975414517,0.13883415435139568,-0.1358832224685883
rv_future_7,price_only,lstm,sym_conformal,-0.06382113821138202,-0.13924466338259434,-0.03805031446540874,0.13924466338259434,-0.06382113821138202
rv_future_7,price_only,lstm,regime_sym_conformal,-0.0664079822616408,-0.16305418719211817,-0.04319611206403651,0.16305418719211817,-0.0664079822616408
rv_future_7,price_onchain,rf,sym_conformal,-0.1266444937176644,-0.17085385878489323,-0.09008004574042305,0.17085385878489323,-0.1266444937176644
rv_future_7,price_onchain,har_ols,raw_quantile,-0.17172949002217286,-0.08546798029556646,-0.08550600343053172,0.17172949002217286,-0.17172949002217286
rv_future_7,price_onchain,gbr,regime_sym_conformal,-0.17653362897265334,-0.13596059113300485,-0.06234991423670666,0.17653362897265334,-0.17653362897265334
rv_future_7,full,rf,regime_sym_conformal,-0.11925351071692536,-0.17824302134646963,-0.04662664379645509,0.17824302134646963,-0.11925351071692536
rv_future_7,price_onchain,rf,regime_sym_conformal,-0.14770879526977088,-0.17988505747126438,-0.10380217267009717,0.17988505747126438,-0.14770879526977088
rv_future_7,price_only,rf,sym_conformal,-0.09116777531411668,-0.18111658456486035,-0.09522584333905082,0.18111658456486035,-0.09116777531411668
rv_future_7,price_onchain,gbr,sym_conformal,-0.1854028085735402,-0.09285714285714286,-0.05949113779302451,0.1854028085735402,-0.1854028085735402
rv_future_7,price_only,rf,regime_sym_conformal,-0.10225424981522535,-0.18645320197044335,-0.1140937678673527,0.18645320197044335,-0.10225424981522535
rv_future_7,price_only,rf,raw_quantile,-0.18946784922394677,-0.13678160919540228,-0.12038307604345333,0.18946784922394677,-0.18946784922394677
rv_future_7,full,lstm,raw_quantile,-0.2009238728750924,-0.2090311986863711,-0.11952544311034874,0.2090311986863711,-0.2009238728750924
rv_future_7,price_onchain,rf,raw_quantile,-0.21127124907612704,-0.13513957307060753,-0.14068038879359634,0.21127124907612704,-0.21127124907612704
rv_future_7,full,rf,raw_quantile,-0.2851810790835181,-0.20533661740558284,-0.18213264722698685,0.2851810790835181,-0.2851810790835181
rv_future_7,full,har_ols,raw_quantile,-0.2981152993348115,-0.17906403940886695,-0.20557461406518007,0.2981152993348115,-0.2981152993348115
